"DESCRIPTION","DURATION IN MS","NAME","PARENT SUITE","START TIME","STATUS","STOP TIME","SUB SUITE","SUITE","TEST CLASS","TEST METHOD"
"","7151","Login → test-tenant-admin-us@abovecloud9.ai | error_msg","chromium","2026-01-25","passed","2026-01-25","Login Tests (Google Sheet)","login.spec.js","",""
"","2837","Login → EMPTY | required_email,required_password","chromium","2026-01-25","passed","2026-01-25","Login Tests (Google Sheet)","login.spec.js","",""
"","2686","Login → 1221+2+290 | invalidEmailError","chromium","2026-01-25","passed","2026-01-25","Login Tests (Google Sheet)","login.spec.js","",""
"","7759","Login → test-glad-user@abovecloud9.ai | AOL_icon_dashboard,live_darshan_title_visible","chromium","2026-01-25","passed","2026-01-25","Login Tests (Google Sheet)","login.spec.js","",""
"","2873","Login → EMPTY | required_email","chromium","2026-01-25","passed","2026-01-25","Login Tests (Google Sheet)","login.spec.js","",""
"","2278","Login → test-tenant-us@abovecloud9.ai | required_password","chromium","2026-01-25","passed","2026-01-25","Login Tests (Google Sheet)","login.spec.js","",""
"","7120","Login → test-glad-admin@abovecloud9.ai | AOL_icon_dashboard,live_darshan_title_visible","chromium","2026-01-25","passed","2026-01-25","Login Tests (Google Sheet)","login.spec.js","",""
"","2","Login → test-tenant-us@abovecloud9.ai | error_msg","chromium","2026-01-25","failed","2026-01-25","Login Tests (Google Sheet)","login.spec.js","",""
"","7807","Login → test-tenant-admin-us@abovecloud9.ai | AOL_icon_dashboard,live_darshan_title_visible","chromium","2026-01-25","passed","2026-01-25","Login Tests (Google Sheet)","login.spec.js","",""
"","7144","Login → test-tenant-admin-in@abovecloud9.ai | AOL_icon_dashboard,live_darshan_title_visible","chromium","2026-01-25","passed","2026-01-25","Login Tests (Google Sheet)","login.spec.js","",""
"","7938","Login → test-glad-admin-in@abovecloud9.ai | AOL_icon_dashboard,live_darshan_title_visible","chromium","2026-01-25","passed","2026-01-25","Login Tests (Google Sheet)","login.spec.js","",""
"","9216","Login → test-tenant-admin-us@abovecloud9.ai | AOL_icon_dashboard , live_darshan_title_visible","chromium","2026-01-25","passed","2026-01-25","Login Tests (Google Sheet)","login.spec.js","",""
"","2177","Login → test-test | invalidEmailError","chromium","2026-01-25","passed","2026-01-25","Login Tests (Google Sheet)","login.spec.js","",""
"","8139","Login → test-glad-user-in@abovecloud9.ai | AOL_icon_dashboard,live_darshan_title_visible","chromium","2026-01-25","passed","2026-01-25","Login Tests (Google Sheet)","login.spec.js","",""
